transcation_id,transaction_date,country,product_id,product_name,category,price_per_unit,quantity_purchased,cost_price,discount_applied,payment_method,customer_age_group,customer_gender,store_location,store_representation
GBFKPHDX52,2/10/24,China,310,Jinlongyu Cooking Oil,Food,4,6,3.2,0.18,Credit Card,Young,Male,Beijing,Physical Store
J8XF8TSI1D,2/14/24,China,303,Dali Bread,Bakery,0.6,4,0.4,0.02,Credit Card,Senior,Male,Wuhan,Online
HRDCXPOUV3,1/6/24,China,309,Safeguard Soap,Personal Care,1.8,7,1.2,0.23,Alipay,Senior,Female,Hangzhou,Online
Y0X6X9JJT6,1/27/24,China,308,TS Shampoo,Personal Care,6,3,4.5,0.41,WeChat Pay,Adult,Female,Shenzhen,Online
VL5EH6WF7E,2/27/24,China,301,Wuchang Rice,Food,2,7,1.5,0.03,Alipay,Young,Male,Hangzhou,Physical Store
JFJX67LVCD,1/10/24,China,309,Safeguard Soap,Personal Care,1.8,2,1.2,0.05,Credit Card,Adult,Male,Chengdu,Physical Store
52DVZBBUMG,1/10/24,China,303,Dali Bread,Bakery,0.6,5,0.4,0.11,Credit Card,Adult,Male,Shenzhen,Physical Store
H5HP6F00TR,2/19/24,China,303,Dali Bread,Bakery,0.6,10,0.4,0.09,Bank Transfer,Senior,Male,Wuhan,Online
SXHTBP4Z17,2/22/24,China,302,Yili Milk,Dairy,1.2,8,0.9,0.24,Debit Card,Adult,Female,Wuhan,Online
8QBJWB1RTW,1/13/24,China,307,Vinda Tissue,Hygiene,3,7,2.3,0.51,WeChat Pay,Young,Male,Guangzhou,Physical Store
05XNTXS36D,2/2/24,China,304,Haitian Sugar,Food,1.3,1,1,0.12,Cash,Adult,Male,Shanghai,Physical Store
L6BBF41RZ2,1/30/24,China,303,Dali Bread,Bakery,0.6,10,0.4,0,Debit Card,Senior,Female,Guangzhou,Physical Store
947WJEQIXP,2/15/24,China,309,Safeguard Soap,Personal Care,1.8,2,1.2,0.28,Bank Transfer,Young,Female,Wuhan,Physical Store
ZNWAXZF2K9,2/1/24,China,301,Wuchang Rice,Food,2,9,1.5,0.2,Debit Card,Senior,Female,Beijing,Online
P15CSIUX0J,2/10/24,China,307,Vinda Tissue,Hygiene,3,8,2.3,0.49,Credit Card,Adult,Female,Chengdu,Online
EV28PHPKB5,2/15/24,China,307,Vinda Tissue,Hygiene,3,6,2.3,0.45,Alipay,Young,Male,Beijing,Online
UW3R6FPH6W,2/7/24,China,309,Safeguard Soap,Personal Care,1.8,6,1.2,0.32,WeChat Pay,Young,Female,Guangzhou,Physical Store
Q53X8RROZA,1/31/24,China,308,TS Shampoo,Personal Care,6,9,4.5,0.97,Debit Card,Senior,Male,Beijing,Online
JVL21SIRV6,2/16/24,China,301,Wuchang Rice,Food,2,7,1.5,0.38,Cash,Young,Female,Beijing,Physical Store
NACK4GAG3N,1/9/24,China,309,Safeguard Soap,Personal Care,1.8,10,1.2,0.08,Cash,Adult,Female,Hangzhou,Online
VOEE6PIB5T,2/6/24,China,307,Vinda Tissue,Hygiene,3,9,2.3,0.38,WeChat Pay,Senior,Male,Wuhan,Physical Store
NJW2M2P76Z,1/17/24,China,308,TS Shampoo,Personal Care,6,4,4.5,0.26,WeChat Pay,Adult,Male,Beijing,Online
F77UIVE20I,1/5/24,China,302,Yili Milk,Dairy,1.2,3,0.9,0.07,Cash,Young,Male,Shenzhen,Physical Store
7BXZ6I3DJT,1/25/24,China,306,Dove Chocolate,Sweets,3.5,9,2.6,0.07,Credit Card,Young,Female,Wuhan,Physical Store
QQY5J68JX9,1/20/24,China,309,Safeguard Soap,Personal Care,1.8,6,1.2,0.21,Credit Card,Senior,Female,Wuhan,Physical Store
U4LGR4ZKPH,1/7/24,China,306,Dove Chocolate,Sweets,3.5,8,2.6,0.06,Cash,Adult,Male,Chengdu,Physical Store
KN1HF88VNI,2/2/24,China,310,Jinlongyu Cooking Oil,Food,4,1,3.2,0.5,Alipay,Young,Female,Guangzhou,Online
IM7TJ1M02K,2/14/24,China,305,Nestle Coffee,Beverages,5,1,3.8,0.6,Bank Transfer,Adult,Female,Guangzhou,Physical Store
O5VO0RBKJN,1/15/24,China,308,TS Shampoo,Personal Care,6,4,4.5,0.88,Alipay,Adult,Female,Wuhan,Physical Store
6759QDM1EF,1/17/24,China,303,Dali Bread,Bakery,0.6,2,0.4,0.03,Cash,Young,Female,Hangzhou,Physical Store
1QYLI7QRVO,1/11/24,China,308,TS Shampoo,Personal Care,6,10,4.5,1.12,Cash,Young,Female,Shanghai,Physical Store
EZ8WWYUFRG,2/27/24,China,304,Haitian Sugar,Food,1.3,3,1,0.17,WeChat Pay,Adult,Female,Beijing,Physical Store
ZNXB111LU4,2/3/24,China,305,Nestle Coffee,Beverages,5,2,3.8,0.5,Credit Card,Senior,Female,Shanghai,Physical Store
TGDP54I60E,1/17/24,China,302,Yili Milk,Dairy,1.2,5,0.9,0.18,Credit Card,Adult,Female,Chengdu,Online
7DO8XGDGM5,2/28/24,China,301,Wuchang Rice,Food,2,3,1.5,0.02,Bank Transfer,Young,Male,Shenzhen,Physical Store
ZQSNSD5UZ3,1/13/24,China,308,TS Shampoo,Personal Care,6,7,4.5,0.01,Bank Transfer,Young,Female,Beijing,Physical Store
YY9QW2KMKC,1/15/24,China,308,TS Shampoo,Personal Care,6,10,4.5,0.01,Credit Card,Young,Male,Hangzhou,Online
1IFG7I1GLP,2/23/24,China,304,Haitian Sugar,Food,1.3,1,1,0.08,WeChat Pay,Adult,Male,Chengdu,Online
MU8ZBKK1TC,1/22/24,China,310,Jinlongyu Cooking Oil,Food,4,8,3.2,0.29,Bank Transfer,Young,Female,Wuhan,Online
I0QMCOWUOV,1/8/24,China,302,Yili Milk,Dairy,1.2,4,0.9,0.22,Credit Card,Adult,Female,Wuhan,Physical Store
UV3X8ZV6WU,1/21/24,China,305,Nestle Coffee,Beverages,5,7,3.8,0.88,Cash,Adult,Male,Shanghai,Physical Store
TWM3CV25NB,1/29/24,China,308,TS Shampoo,Personal Care,6,7,4.5,0.1,WeChat Pay,Senior,Male,Shanghai,Online
4RF1BQ7K8N,1/1/24,China,306,Dove Chocolate,Sweets,3.5,9,2.6,0.34,Alipay,Adult,Female,Chengdu,Physical Store
RTE8SD526Z,2/25/24,China,305,Nestle Coffee,Beverages,5,2,3.8,0.05,Debit Card,Young,Male,Guangzhou,Online
YB2GD2XFJG,1/10/24,China,302,Yili Milk,Dairy,1.2,3,0.9,0.02,Alipay,Senior,Male,Shenzhen,Online
0YY7ACPST1,1/27/24,China,304,Haitian Sugar,Food,1.3,4,1,0.22,Debit Card,Adult,Male,Beijing,Online
E9M5P2E85G,2/19/24,China,307,Vinda Tissue,Hygiene,3,3,2.3,0.31,Credit Card,Senior,Female,Hangzhou,Online
EOH2BXP0QL,1/19/24,China,307,Vinda Tissue,Hygiene,3,1,2.3,0.52,Cash,Adult,Female,Guangzhou,Online
T2B4S3WNRA,2/8/24,China,306,Dove Chocolate,Sweets,3.5,10,2.6,0.44,Alipay,Adult,Female,Beijing,Online
UU6B13TMMZ,2/15/24,China,301,Wuchang Rice,Food,2,3,1.5,0.09,WeChat Pay,Young,Female,Guangzhou,Online
GQ3CC67VEV,2/26/24,China,309,Safeguard Soap,Personal Care,1.8,10,1.2,0.11,Alipay,Adult,Male,Wuhan,Physical Store
T482L6FMOL,2/7/24,China,308,TS Shampoo,Personal Care,6,9,4.5,1.19,Cash,Senior,Male,Shenzhen,Physical Store
A7SNW3QIG4,1/15/24,China,303,Dali Bread,Bakery,0.6,3,0.4,0.1,Credit Card,Young,Female,Shanghai,Online
50WDS9MGD5,1/12/24,China,308,TS Shampoo,Personal Care,6,9,4.5,0.49,Debit Card,Senior,Male,Shenzhen,Online
0GC5NXSAI7,1/9/24,China,310,Jinlongyu Cooking Oil,Food,4,2,3.2,0.53,Bank Transfer,Young,Female,Wuhan,Online
0ZDPB0VSPL,1/16/24,China,309,Safeguard Soap,Personal Care,1.8,7,1.2,0.18,Cash,Senior,Female,Guangzhou,Physical Store
EVWLI7UBF3,2/4/24,China,305,Nestle Coffee,Beverages,5,3,3.8,0.78,Debit Card,Adult,Female,Shanghai,Online
LCXLDBYH6G,2/25/24,China,308,TS Shampoo,Personal Care,6,1,4.5,1.07,Debit Card,Adult,Female,Shenzhen,Physical Store
DRF06HX0A3,1/9/24,China,301,Wuchang Rice,Food,2,7,1.5,0.03,Credit Card,Young,Male,Hangzhou,Physical Store
I2BG3SMMBH,2/12/24,China,310,Jinlongyu Cooking Oil,Food,4,6,3.2,0.08,Bank Transfer,Senior,Female,Shanghai,Physical Store
SROVGSRKJO,1/16/24,China,308,TS Shampoo,Personal Care,6,9,4.5,0.75,Alipay,Adult,Male,Shanghai,Online
E458WJPU1A,1/1/24,China,309,Safeguard Soap,Personal Care,1.8,3,1.2,0.1,Debit Card,Senior,Female,Shanghai,Online
TTQC4S9RSF,1/4/24,China,305,Nestle Coffee,Beverages,5,4,3.8,0.4,Bank Transfer,Young,Male,Shanghai,Online
GX5O95RRLZ,1/4/24,China,307,Vinda Tissue,Hygiene,3,5,2.3,0.51,WeChat Pay,Young,Male,Wuhan,Online
O4VABHPE37,1/21/24,China,301,Wuchang Rice,Food,2,1,1.5,0.02,Credit Card,Senior,Male,Hangzhou,Physical Store
P394L2I3MK,2/17/24,China,305,Nestle Coffee,Beverages,5,4,3.8,0.85,Credit Card,Young,Male,Hangzhou,Online
05CO56S4XN,1/19/24,China,307,Vinda Tissue,Hygiene,3,5,2.3,0.45,Debit Card,Young,Male,Shanghai,Online
NG8B9P4YWS,1/6/24,China,301,Wuchang Rice,Food,2,2,1.5,0.27,Bank Transfer,Adult,Female,Wuhan,Physical Store
UVDFX9Y5D5,1/7/24,China,305,Nestle Coffee,Beverages,5,8,3.8,0.04,Cash,Young,Male,Hangzhou,Online
4P3LAW0J6L,1/12/24,China,310,Jinlongyu Cooking Oil,Food,4,4,3.2,0.6,Cash,Young,Female,Shenzhen,Physical Store
CZKM8AYE1B,2/10/24,China,302,Yili Milk,Dairy,1.2,6,0.9,0.04,Cash,Adult,Male,Hangzhou,Online
AOVZF4IZ6D,1/21/24,China,302,Yili Milk,Dairy,1.2,2,0.9,0.19,Cash,Young,Male,Shenzhen,Physical Store
6EA9QVFL1Y,1/20/24,China,306,Dove Chocolate,Sweets,3.5,6,2.6,0.16,Bank Transfer,Senior,Female,Hangzhou,Online
79IUW7FO8V,1/15/24,China,305,Nestle Coffee,Beverages,5,8,3.8,0.84,Debit Card,Senior,Male,Shanghai,Online
RRZ653R49U,2/18/24,China,305,Nestle Coffee,Beverages,5,5,3.8,0.79,Credit Card,Senior,Male,Chengdu,Online
22XWTWJO1D,2/17/24,China,308,TS Shampoo,Personal Care,6,8,4.5,0.57,WeChat Pay,Senior,Male,Wuhan,Physical Store
PPS3D8FYAR,2/15/24,China,310,Jinlongyu Cooking Oil,Food,4,1,3.2,0.65,Credit Card,Adult,Male,Guangzhou,Physical Store
TU68MAQOLT,1/4/24,China,309,Safeguard Soap,Personal Care,1.8,8,1.2,0.17,Credit Card,Senior,Female,Chengdu,Physical Store
4DJF6X286F,1/21/24,China,310,Jinlongyu Cooking Oil,Food,4,3,3.2,0.77,Bank Transfer,Adult,Female,Guangzhou,Online
3BZ4RGMW5R,1/23/24,China,305,Nestle Coffee,Beverages,5,8,3.8,0.67,Bank Transfer,Young,Male,Shanghai,Physical Store
KC0EU18UM5,1/13/24,China,309,Safeguard Soap,Personal Care,1.8,7,1.2,0.27,Debit Card,Senior,Male,Chengdu,Online
5L3NC3D75K,1/29/24,China,304,Haitian Sugar,Food,1.3,1,1,0.08,Credit Card,Adult,Male,Chengdu,Online
E9DHWDL5TX,2/6/24,China,307,Vinda Tissue,Hygiene,3,10,2.3,0.46,Bank Transfer,Adult,Female,Guangzhou,Physical Store
QTY1GKRKRZ,3/1/24,China,304,Haitian Sugar,Food,1.3,7,1,0.07,Debit Card,Adult,Female,Beijing,Online
O97SDJP6VP,2/26/24,China,309,Safeguard Soap,Personal Care,1.8,2,1.2,0.19,Alipay,Senior,Male,Shenzhen,Online
3UEN6IEUN0,1/16/24,China,307,Vinda Tissue,Hygiene,3,4,2.3,0.07,WeChat Pay,Adult,Female,Shenzhen,Physical Store
G6FD8N4GBE,2/20/24,China,308,TS Shampoo,Personal Care,6,8,4.5,0.02,Bank Transfer,Adult,Female,Shenzhen,Physical Store
X2YSBG2Y90,2/27/24,China,306,Dove Chocolate,Sweets,3.5,6,2.6,0.59,Credit Card,Senior,Male,Chengdu,Online
RHNSTND750,2/26/24,China,304,Haitian Sugar,Food,1.3,5,1,0.19,Debit Card,Adult,Male,Chengdu,Online
0WUMYKNUFD,2/26/24,China,309,Safeguard Soap,Personal Care,1.8,10,1.2,0.32,Cash,Senior,Female,Chengdu,Online
AGVUE1WWMX,1/27/24,China,301,Wuchang Rice,Food,2,2,1.5,0.22,Credit Card,Adult,Female,Guangzhou,Online
KBLE6EA6QS,1/4/24,China,310,Jinlongyu Cooking Oil,Food,4,9,3.2,0.09,Credit Card,Senior,Male,Beijing,Online
G4F6C6G94B,1/4/24,China,309,Safeguard Soap,Personal Care,1.8,1,1.2,0.17,Credit Card,Senior,Male,Shanghai,Online
V9S9LGGXO5,1/15/24,China,302,Yili Milk,Dairy,1.2,7,0.9,0.24,Credit Card,Senior,Male,Chengdu,Online
XF5IIEVT5O,1/2/24,China,307,Vinda Tissue,Hygiene,3,6,2.3,0.47,Bank Transfer,Young,Female,Shanghai,Physical Store
S4M4ZTNDQN,1/27/24,China,308,TS Shampoo,Personal Care,6,6,4.5,0.16,Credit Card,Senior,Male,Hangzhou,Online
ZYFV632VAH,2/15/24,China,301,Wuchang Rice,Food,2,10,1.5,0.38,WeChat Pay,Senior,Female,Shenzhen,Online
R83B9ZQ5FY,1/18/24,China,302,Yili Milk,Dairy,1.2,2,0.9,0.15,WeChat Pay,Adult,Female,Hangzhou,Online
XJ8X2G7B12,2/1/24,China,301,Wuchang Rice,Food,2,10,1.5,0.4,Debit Card,Senior,Male,Shenzhen,Physical Store
WTKI3QS2J7,1/12/24,China,301,Wuchang Rice,Food,2,3,1.5,0.01,Debit Card,Adult,Female,Beijing,Online
WLC83AQYFO,1/1/24,China,301,Wuchang Rice,Food,2,5,1.5,0.39,Credit Card,Adult,Male,Shenzhen,Online
1KNPTVSL13,1/12/24,China,303,Dali Bread,Bakery,0.6,5,0.4,0.05,WeChat Pay,Adult,Female,Wuhan,Online
BFK6U50DAW,1/25/24,China,306,Dove Chocolate,Sweets,3.5,7,2.6,0.2,Bank Transfer,Young,Male,Chengdu,Online
QS44D1F4JW,2/18/24,China,309,Safeguard Soap,Personal Care,1.8,7,1.2,0.24,Alipay,Adult,Female,Guangzhou,Physical Store
ZOVXQY3SAQ,1/29/24,China,304,Haitian Sugar,Food,1.3,9,1,0.01,Debit Card,Senior,Male,Wuhan,Physical Store
966B6FGVQX,2/18/24,China,305,Nestle Coffee,Beverages,5,5,3.8,0.38,WeChat Pay,Young,Female,Wuhan,Online
6IX8NPH23J,2/11/24,China,302,Yili Milk,Dairy,1.2,5,0.9,0.05,Cash,Young,Female,Guangzhou,Online
ZYMHGWX2Z9,2/18/24,China,304,Haitian Sugar,Food,1.3,5,1,0.17,WeChat Pay,Adult,Female,Wuhan,Online
ZS9EXLZDYH,2/7/24,China,303,Dali Bread,Bakery,0.6,3,0.4,0.03,Credit Card,Senior,Female,Shanghai,Online
VK9KZG9DKL,1/23/24,China,310,Jinlongyu Cooking Oil,Food,4,7,3.2,0.71,Alipay,Adult,Male,Hangzhou,Physical Store
XNMPSYFU1Y,2/9/24,China,304,Haitian Sugar,Food,1.3,6,1,0.05,Bank Transfer,Senior,Female,Shenzhen,Physical Store
4K9S2414T9,1/15/24,China,308,TS Shampoo,Personal Care,6,1,4.5,0.12,Debit Card,Adult,Female,Hangzhou,Physical Store
L1RCM9TYDK,1/2/24,China,302,Yili Milk,Dairy,1.2,1,0.9,0.06,Cash,Adult,Male,Beijing,Online
D2I2FW7E6E,2/1/24,China,310,Jinlongyu Cooking Oil,Food,4,1,3.2,0.78,Credit Card,Adult,Female,Shanghai,Physical Store
CUJBF2B6TB,2/25/24,China,305,Nestle Coffee,Beverages,5,3,3.8,0.69,Bank Transfer,Adult,Female,Hangzhou,Online
IR0IWB7RN4,1/11/24,China,305,Nestle Coffee,Beverages,5,2,3.8,0.12,Bank Transfer,Young,Female,Wuhan,Physical Store
KL13RRZ76O,2/17/24,China,309,Safeguard Soap,Personal Care,1.8,8,1.2,0.06,Bank Transfer,Young,Female,Guangzhou,Physical Store
CMBMYK29PU,3/1/24,China,303,Dali Bread,Bakery,0.6,8,0.4,0.04,WeChat Pay,Senior,Female,Wuhan,Physical Store
LCR89SV8S0,1/30/24,China,309,Safeguard Soap,Personal Care,1.8,9,1.2,0.2,Cash,Senior,Male,Shenzhen,Online
PHFVYWA6XQ,2/26/24,China,309,Safeguard Soap,Personal Care,1.8,10,1.2,0.26,Cash,Young,Male,Shanghai,Physical Store
CVT4CWLK6E,1/28/24,China,303,Dali Bread,Bakery,0.6,3,0.4,0.1,WeChat Pay,Adult,Male,Shenzhen,Online
SDI0H056GA,1/19/24,China,305,Nestle Coffee,Beverages,5,10,3.8,0,Debit Card,Adult,Male,Wuhan,Online
T7RV2QPXLA,1/14/24,China,307,Vinda Tissue,Hygiene,3,10,2.3,0.1,Debit Card,Adult,Male,Chengdu,Physical Store
CT7LXO88UU,1/17/24,China,307,Vinda Tissue,Hygiene,3,2,2.3,0.13,Alipay,Adult,Male,Guangzhou,Online
ZI9JUSW7P4,1/12/24,China,301,Wuchang Rice,Food,2,6,1.5,0.3,Bank Transfer,Senior,Female,Wuhan,Physical Store
AN9I0HF54U,3/1/24,China,303,Dali Bread,Bakery,0.6,7,0.4,0.03,Credit Card,Young,Male,Hangzhou,Online
8H99W2BZIK,2/28/24,China,303,Dali Bread,Bakery,0.6,4,0.4,0.04,Bank Transfer,Adult,Male,Beijing,Online
W4BTF7T8HR,2/17/24,China,301,Wuchang Rice,Food,2,10,1.5,0.05,Cash,Senior,Female,Beijing,Physical Store
XMKN3OX6PR,2/7/24,China,303,Dali Bread,Bakery,0.6,5,0.4,0.11,Alipay,Adult,Female,Hangzhou,Physical Store
717X7BA4M7,2/13/24,China,309,Safeguard Soap,Personal Care,1.8,10,1.2,0,Debit Card,Senior,Male,Shenzhen,Physical Store
O8RMHOW6L9,2/21/24,China,305,Nestle Coffee,Beverages,5,5,3.8,0.84,Cash,Adult,Male,Chengdu,Physical Store
86QWYCAL59,1/20/24,China,305,Nestle Coffee,Beverages,5,1,3.8,0.04,Cash,Adult,Female,Hangzhou,Physical Store
02RY0ROR74,2/9/24,China,304,Haitian Sugar,Food,1.3,1,1,0.14,Bank Transfer,Adult,Female,Hangzhou,Physical Store
KI6Z9GOE4T,1/27/24,China,310,Jinlongyu Cooking Oil,Food,4,6,3.2,0.27,Bank Transfer,Young,Male,Hangzhou,Physical Store
6OV989KC4M,2/5/24,China,305,Nestle Coffee,Beverages,5,1,3.8,0.11,Credit Card,Adult,Female,Guangzhou,Online
P4L98YL2S5,1/6/24,China,306,Dove Chocolate,Sweets,3.5,6,2.6,0.69,Alipay,Young,Male,Shenzhen,Online
VJUHSRJ6N1,1/10/24,China,306,Dove Chocolate,Sweets,3.5,3,2.6,0.07,Debit Card,Adult,Male,Chengdu,Online
RNC84FIY4O,2/17/24,China,305,Nestle Coffee,Beverages,5,3,3.8,0.15,Credit Card,Adult,Male,Chengdu,Online
8T8U7W1MR0,1/13/24,China,309,Safeguard Soap,Personal Care,1.8,3,1.2,0.34,Debit Card,Young,Male,Chengdu,Physical Store
3TGHA85OHD,2/21/24,China,306,Dove Chocolate,Sweets,3.5,4,2.6,0.17,Alipay,Senior,Male,Hangzhou,Online
SPXGNPLNK2,1/12/24,China,301,Wuchang Rice,Food,2,7,1.5,0.32,Debit Card,Adult,Female,Beijing,Physical Store
320XPH27DF,2/23/24,China,304,Haitian Sugar,Food,1.3,9,1,0.12,Bank Transfer,Adult,Female,Hangzhou,Physical Store
09NHJSYQNA,2/13/24,China,310,Jinlongyu Cooking Oil,Food,4,9,3.2,0.18,Cash,Adult,Male,Shanghai,Physical Store
R9GO7XDVTZ,2/15/24,China,306,Dove Chocolate,Sweets,3.5,6,2.6,0.09,Bank Transfer,Senior,Female,Shanghai,Online
2JSA8E7KBP,2/4/24,China,310,Jinlongyu Cooking Oil,Food,4,2,3.2,0.69,Debit Card,Young,Female,Shenzhen,Online
INFXRWIQ4T,1/22/24,China,301,Wuchang Rice,Food,2,1,1.5,0.11,Bank Transfer,Adult,Male,Shanghai,Online
8YVK5FMW1V,1/15/24,China,302,Yili Milk,Dairy,1.2,9,0.9,0.06,Bank Transfer,Adult,Female,Guangzhou,Online
OUOILJ7R30,2/22/24,China,305,Nestle Coffee,Beverages,5,6,3.8,0.21,Alipay,Adult,Female,Chengdu,Online
ITBZCSFDGI,3/1/24,China,305,Nestle Coffee,Beverages,5,3,3.8,0.7,Bank Transfer,Young,Female,Shanghai,Online
ZYH0HH8W1U,2/2/24,China,310,Jinlongyu Cooking Oil,Food,4,8,3.2,0.45,Alipay,Senior,Male,Beijing,Physical Store
BSID4315X3,1/8/24,China,309,Safeguard Soap,Personal Care,1.8,8,1.2,0.09,Alipay,Senior,Female,Beijing,Online
3MGAVXSI5O,1/5/24,China,310,Jinlongyu Cooking Oil,Food,4,7,3.2,0.57,Alipay,Adult,Male,Shanghai,Online
P8ZRE63MRK,1/20/24,China,306,Dove Chocolate,Sweets,3.5,3,2.6,0.63,Debit Card,Adult,Female,Hangzhou,Physical Store
B4J4QAF9OX,1/16/24,China,305,Nestle Coffee,Beverages,5,10,3.8,0.09,Cash,Senior,Male,Wuhan,Physical Store
JXQXYJH6P5,2/15/24,China,303,Dali Bread,Bakery,0.6,3,0.4,0.07,Alipay,Young,Male,Chengdu,Physical Store
SSU8QLS5XZ,1/20/24,China,305,Nestle Coffee,Beverages,5,1,3.8,0.28,WeChat Pay,Senior,Male,Shanghai,Online
ZVBKM3NCHC,1/6/24,China,303,Dali Bread,Bakery,0.6,7,0.4,0.08,Cash,Adult,Female,Shanghai,Online
SV4PU96QH3,1/17/24,China,307,Vinda Tissue,Hygiene,3,9,2.3,0.11,Bank Transfer,Young,Male,Hangzhou,Online
XW364XLG9Q,2/27/24,China,310,Jinlongyu Cooking Oil,Food,4,9,3.2,0.04,Bank Transfer,Adult,Male,Shanghai,Physical Store
B03HO74YP4,2/15/24,China,309,Safeguard Soap,Personal Care,1.8,10,1.2,0.23,Alipay,Adult,Male,Shenzhen,Physical Store
76U2E15NHL,1/30/24,China,307,Vinda Tissue,Hygiene,3,8,2.3,0.59,Cash,Adult,Female,Shanghai,Online
T7FGN3GNFW,2/9/24,China,306,Dove Chocolate,Sweets,3.5,7,2.6,0.25,Credit Card,Young,Female,Chengdu,Physical Store
C62SJRIOHS,1/2/24,China,303,Dali Bread,Bakery,0.6,6,0.4,0.02,Alipay,Senior,Female,Shanghai,Physical Store
4O0HXIKHMM,1/13/24,China,302,Yili Milk,Dairy,1.2,9,0.9,0.24,WeChat Pay,Senior,Male,Hangzhou,Online
OO9ORZC0NS,1/10/24,China,308,TS Shampoo,Personal Care,6,1,4.5,0.21,Debit Card,Young,Female,Shenzhen,Online
KZBVG4PWEK,1/13/24,China,305,Nestle Coffee,Beverages,5,2,3.8,0.83,Bank Transfer,Young,Male,Wuhan,Physical Store
ML8DXTW6LX,1/11/24,China,302,Yili Milk,Dairy,1.2,6,0.9,0.01,Cash,Senior,Female,Shanghai,Online
YIT4E0MNE3,1/30/24,China,307,Vinda Tissue,Hygiene,3,10,2.3,0.37,WeChat Pay,Young,Female,Wuhan,Physical Store
6KQ92YVKYU,2/13/24,China,305,Nestle Coffee,Beverages,5,6,3.8,0.38,Bank Transfer,Young,Male,Hangzhou,Physical Store
E4YUARXHQ7,2/19/24,China,306,Dove Chocolate,Sweets,3.5,8,2.6,0.7,Alipay,Adult,Female,Hangzhou,Physical Store
U5H2PFVCKC,1/26/24,China,303,Dali Bread,Bakery,0.6,4,0.4,0.12,Credit Card,Adult,Female,Guangzhou,Physical Store
L5599XB7B4,2/16/24,China,304,Haitian Sugar,Food,1.3,6,1,0.22,Cash,Young,Female,Shanghai,Online
SG84580IJV,1/13/24,China,307,Vinda Tissue,Hygiene,3,1,2.3,0.48,Cash,Young,Male,Hangzhou,Online
Q79F846ZXG,1/5/24,China,307,Vinda Tissue,Hygiene,3,1,2.3,0.01,Alipay,Adult,Male,Beijing,Online
J2OVGW9AT2,1/16/24,China,309,Safeguard Soap,Personal Care,1.8,6,1.2,0.17,WeChat Pay,Adult,Female,Chengdu,Physical Store
Q30H52AMRN,1/10/24,China,303,Dali Bread,Bakery,0.6,5,0.4,0.04,Credit Card,Senior,Female,Shanghai,Online
PY2NLNE8QP,1/13/24,China,304,Haitian Sugar,Food,1.3,10,1,0.16,WeChat Pay,Adult,Male,Shenzhen,Physical Store
LXKGS02ER5,2/13/24,China,310,Jinlongyu Cooking Oil,Food,4,9,3.2,0.6,Credit Card,Senior,Male,Hangzhou,Physical Store
KRSSWQGVPN,2/20/24,China,310,Jinlongyu Cooking Oil,Food,4,9,3.2,0.29,Bank Transfer,Senior,Male,Shanghai,Online
U1VSW69WK5,1/28/24,China,309,Safeguard Soap,Personal Care,1.8,3,1.2,0.08,Debit Card,Young,Male,Hangzhou,Online
KHV0CHIMFN,1/20/24,China,304,Haitian Sugar,Food,1.3,2,1,0.03,WeChat Pay,Young,Male,Shenzhen,Online
1RI5UQGL56,1/10/24,China,304,Haitian Sugar,Food,1.3,2,1,0.15,WeChat Pay,Young,Male,Shanghai,Physical Store
7E3L1UAPJG,2/11/24,China,308,TS Shampoo,Personal Care,6,9,4.5,0.16,Cash,Adult,Female,Beijing,Physical Store
PWO05V4K84,1/6/24,China,308,TS Shampoo,Personal Care,6,3,4.5,0.16,WeChat Pay,Senior,Female,Guangzhou,Online
8YV55A2SEX,2/25/24,China,309,Safeguard Soap,Personal Care,1.8,9,1.2,0.01,Cash,Senior,Female,Wuhan,Physical Store
PPZ1FU6MBC,2/12/24,China,304,Haitian Sugar,Food,1.3,9,1,0.16,Cash,Adult,Male,Shanghai,Online
LG8KMHF4Y8,2/15/24,China,304,Haitian Sugar,Food,1.3,10,1,0.16,Alipay,Adult,Male,Wuhan,Physical Store
0IGE8G4SFR,2/27/24,China,307,Vinda Tissue,Hygiene,3,9,2.3,0.28,WeChat Pay,Senior,Male,Guangzhou,Online
AJSTD9I1E8,2/10/24,China,304,Haitian Sugar,Food,1.3,3,1,0.24,Bank Transfer,Young,Male,Wuhan,Physical Store
B3BYQ1AK5P,2/12/24,China,302,Yili Milk,Dairy,1.2,2,0.9,0.14,WeChat Pay,Adult,Female,Guangzhou,Online
TNLVU8RR9X,2/29/24,China,307,Vinda Tissue,Hygiene,3,4,2.3,0.43,Alipay,Senior,Female,Wuhan,Online
ZEWOSY7SA9,2/26/24,China,310,Jinlongyu Cooking Oil,Food,4,5,3.2,0.34,WeChat Pay,Young,Male,Shanghai,Online
N2XVSXSGAK,2/3/24,China,304,Haitian Sugar,Food,1.3,10,1,0.17,Cash,Senior,Male,Hangzhou,Physical Store
HNDZUS3MWE,1/4/24,China,309,Safeguard Soap,Personal Care,1.8,1,1.2,0.25,Cash,Young,Male,Beijing,Physical Store
P1TKDKDL93,1/5/24,China,306,Dove Chocolate,Sweets,3.5,8,2.6,0.19,Alipay,Adult,Male,Wuhan,Physical Store
WQHK0T1V56,2/29/24,China,307,Vinda Tissue,Hygiene,3,10,2.3,0.35,Credit Card,Senior,Male,Shanghai,Physical Store
M5OXFNSG7V,1/3/24,China,307,Vinda Tissue,Hygiene,3,1,2.3,0.09,Cash,Young,Male,Chengdu,Physical Store
2TU9F0T5G2,1/30/24,China,309,Safeguard Soap,Personal Care,1.8,3,1.2,0.03,Bank Transfer,Senior,Female,Guangzhou,Physical Store
2HYSC08KGX,1/30/24,China,303,Dali Bread,Bakery,0.6,8,0.4,0.1,Debit Card,Adult,Female,Shanghai,Physical Store
4NUL1HVNGK,2/3/24,China,301,Wuchang Rice,Food,2,3,1.5,0.25,Debit Card,Adult,Male,Shenzhen,Physical Store
3BE0FN0DHN,1/17/24,China,302,Yili Milk,Dairy,1.2,5,0.9,0.14,Debit Card,Senior,Male,Guangzhou,Online
3SUKJ21P6R,1/1/24,China,306,Dove Chocolate,Sweets,3.5,10,2.6,0.25,Debit Card,Young,Male,Shanghai,Physical Store
FCC64AWBUP,2/28/24,China,308,TS Shampoo,Personal Care,6,7,4.5,0.81,Debit Card,Adult,Male,Shanghai,Online
VX6NWJ3AQA,2/27/24,China,302,Yili Milk,Dairy,1.2,2,0.9,0.13,Debit Card,Senior,Female,Guangzhou,Online
C3JMUGRXDB,1/22/24,China,310,Jinlongyu Cooking Oil,Food,4,7,3.2,0.71,Debit Card,Young,Female,Hangzhou,Physical Store
HEXGCU2RZD,2/3/24,China,302,Yili Milk,Dairy,1.2,4,0.9,0.15,Credit Card,Adult,Male,Beijing,Physical Store
IJVW4O5OOM,3/1/24,China,301,Wuchang Rice,Food,2,7,1.5,0.19,Cash,Senior,Male,Beijing,Online
UQL9QVD7Q2,1/31/24,China,308,TS Shampoo,Personal Care,6,4,4.5,0.05,Bank Transfer,Young,Male,Shenzhen,Online
IJX9NZMFVU,1/31/24,China,302,Yili Milk,Dairy,1.2,4,0.9,0.14,Bank Transfer,Adult,Female,Shanghai,Online
237MBWR9CL,2/12/24,China,306,Dove Chocolate,Sweets,3.5,5,2.6,0.35,Debit Card,Young,Female,Wuhan,Online
VTJ9GSP1PM,1/28/24,China,303,Dali Bread,Bakery,0.6,1,0.4,0.05,Alipay,Adult,Female,Guangzhou,Physical Store
LWWS7M0A16,2/17/24,China,304,Haitian Sugar,Food,1.3,4,1,0.19,Bank Transfer,Adult,Male,Hangzhou,Online
XFEAR96UOS,1/19/24,China,304,Haitian Sugar,Food,1.3,7,1,0.01,Cash,Senior,Male,Guangzhou,Online
PZFNS32ZYJ,1/7/24,China,303,Dali Bread,Bakery,0.6,10,0.4,0.05,WeChat Pay,Young,Female,Shenzhen,Online
UFV5MEX7YD,1/16/24,China,302,Yili Milk,Dairy,1.2,10,0.9,0.23,WeChat Pay,Adult,Female,Chengdu,Physical Store
K0Y8N9UD2U,1/15/24,China,306,Dove Chocolate,Sweets,3.5,8,2.6,0.36,Cash,Adult,Female,Guangzhou,Physical Store
8GOHL8BDOV,3/1/24,China,303,Dali Bread,Bakery,0.6,9,0.4,0.07,Alipay,Adult,Male,Shenzhen,Online
CECHQ6HQFF,1/5/24,China,303,Dali Bread,Bakery,0.6,10,0.4,0.07,Bank Transfer,Young,Female,Guangzhou,Online
4R2QO0C5LV,2/21/24,China,304,Haitian Sugar,Food,1.3,9,1,0.05,Alipay,Adult,Female,Beijing,Physical Store
7I2R4MTZHH,1/23/24,China,303,Dali Bread,Bakery,0.6,1,0.4,0.03,Cash,Adult,Female,Shanghai,Online
INXWX0X8II,2/13/24,China,307,Vinda Tissue,Hygiene,3,5,2.3,0.54,WeChat Pay,Senior,Female,Beijing,Physical Store
AXPI9OIYVP,2/13/24,China,304,Haitian Sugar,Food,1.3,10,1,0.19,Debit Card,Young,Female,Wuhan,Physical Store
FW6E4JCGSX,2/4/24,China,310,Jinlongyu Cooking Oil,Food,4,1,3.2,0.34,Alipay,Young,Male,Shanghai,Online
9MS7AGCTIG,2/22/24,China,303,Dali Bread,Bakery,0.6,5,0.4,0.08,Cash,Senior,Female,Shanghai,Online
6CXJFHV3A6,1/17/24,China,310,Jinlongyu Cooking Oil,Food,4,10,3.2,0.31,Cash,Senior,Female,Hangzhou,Online
BFMT7YIA1Q,1/24/24,China,309,Safeguard Soap,Personal Care,1.8,8,1.2,0.02,Bank Transfer,Young,Male,Shanghai,Online
JNGTKRXIN3,1/1/24,China,307,Vinda Tissue,Hygiene,3,5,2.3,0.32,Cash,Adult,Male,Shanghai,Online
EKXW4VNWAF,2/7/24,China,308,TS Shampoo,Personal Care,6,1,4.5,1.06,Bank Transfer,Young,Female,Beijing,Online
1A3GNMNNTG,2/15/24,China,305,Nestle Coffee,Beverages,5,4,3.8,0.67,Debit Card,Adult,Male,Wuhan,Physical Store
EWMCXFXQEZ,1/26/24,China,304,Haitian Sugar,Food,1.3,7,1,0.23,Cash,Adult,Female,Wuhan,Physical Store
XL1B46HD6V,1/28/24,China,308,TS Shampoo,Personal Care,6,4,4.5,0.58,WeChat Pay,Senior,Female,Beijing,Online
BZ15BIMBXP,1/14/24,China,307,Vinda Tissue,Hygiene,3,7,2.3,0.16,WeChat Pay,Senior,Female,Shanghai,Physical Store
PD3PRPKF8Z,1/18/24,China,302,Yili Milk,Dairy,1.2,3,0.9,0.1,Credit Card,Adult,Male,Shenzhen,Online
J0H89LH2DT,1/26/24,China,302,Yili Milk,Dairy,1.2,10,0.9,0.03,Cash,Adult,Female,Beijing,Online
UNHHX61SAA,1/20/24,China,305,Nestle Coffee,Beverages,5,4,3.8,0.84,Bank Transfer,Young,Female,Wuhan,Physical Store
XY2EG6MGGI,2/15/24,China,307,Vinda Tissue,Hygiene,3,7,2.3,0.4,WeChat Pay,Adult,Female,Chengdu,Physical Store
PPZKFG0ADD,1/28/24,China,304,Haitian Sugar,Food,1.3,9,1,0.25,WeChat Pay,Young,Female,Guangzhou,Physical Store
3PZ3ESK931,1/1/24,China,305,Nestle Coffee,Beverages,5,6,3.8,0.98,Debit Card,Senior,Male,Guangzhou,Online
7BOVINXNOV,1/10/24,China,305,Nestle Coffee,Beverages,5,9,3.8,0.78,WeChat Pay,Senior,Male,Shenzhen,Physical Store
CO3NEXZHK6,1/13/24,China,304,Haitian Sugar,Food,1.3,2,1,0.12,Credit Card,Adult,Female,Shenzhen,Physical Store
I6UOHEGZLX,2/3/24,China,310,Jinlongyu Cooking Oil,Food,4,2,3.2,0.37,Credit Card,Adult,Male,Shanghai,Online
GIJN8QCIYG,2/17/24,China,305,Nestle Coffee,Beverages,5,1,3.8,0.36,Debit Card,Adult,Female,Shenzhen,Physical Store
ZOFBA673TJ,2/5/24,China,305,Nestle Coffee,Beverages,5,10,3.8,0.64,Alipay,Adult,Female,Shanghai,Physical Store
CLSZ6JNNZS,1/19/24,China,309,Safeguard Soap,Personal Care,1.8,2,1.2,0.27,Debit Card,Senior,Male,Chengdu,Physical Store
E6TZG9K18Q,2/16/24,China,305,Nestle Coffee,Beverages,5,5,3.8,0.51,Alipay,Adult,Male,Guangzhou,Physical Store
2IKD525C3C,2/21/24,China,307,Vinda Tissue,Hygiene,3,9,2.3,0.19,Alipay,Adult,Male,Shanghai,Online
0CXE4COO9D,2/3/24,China,301,Wuchang Rice,Food,2,9,1.5,0.19,Debit Card,Adult,Male,Chengdu,Online
HICQNWR9OI,1/27/24,China,304,Haitian Sugar,Food,1.3,6,1,0.06,Credit Card,Adult,Female,Hangzhou,Physical Store
2N159ESUQK,2/16/24,China,301,Wuchang Rice,Food,2,7,1.5,0.38,Debit Card,Adult,Male,Guangzhou,Online
P580HTBLZ7,1/28/24,China,307,Vinda Tissue,Hygiene,3,10,2.3,0.46,Cash,Young,Female,Beijing,Physical Store
LKHUKPV2X4,2/2/24,China,305,Nestle Coffee,Beverages,5,3,3.8,0.51,Cash,Young,Female,Chengdu,Online
0HQJ3GBSE5,2/6/24,China,309,Safeguard Soap,Personal Care,1.8,1,1.2,0.13,WeChat Pay,Senior,Female,Beijing,Online
6T1C6LYXJ7,1/23/24,China,310,Jinlongyu Cooking Oil,Food,4,1,3.2,0.73,Debit Card,Adult,Male,Guangzhou,Physical Store
NSGHCVBV93,2/12/24,China,310,Jinlongyu Cooking Oil,Food,4,9,3.2,0.21,Bank Transfer,Senior,Male,Shenzhen,Physical Store
TFYVWNCW64,2/27/24,China,304,Haitian Sugar,Food,1.3,7,1,0.12,Cash,Young,Male,Chengdu,Physical Store
F6LNZO7GXC,1/10/24,China,307,Vinda Tissue,Hygiene,3,4,2.3,0.41,Alipay,Adult,Female,Shenzhen,Online
4FSSJR928P,1/31/24,China,310,Jinlongyu Cooking Oil,Food,4,9,3.2,0.34,WeChat Pay,Senior,Female,Chengdu,Physical Store
CNCCKT33TF,1/27/24,China,301,Wuchang Rice,Food,2,7,1.5,0.02,WeChat Pay,Adult,Female,Chengdu,Physical Store
3ASXXRY3ZL,2/29/24,China,307,Vinda Tissue,Hygiene,3,10,2.3,0.4,Cash,Young,Female,Chengdu,Physical Store
4YRK15DZP1,1/28/24,China,309,Safeguard Soap,Personal Care,1.8,10,1.2,0.23,WeChat Pay,Senior,Male,Wuhan,Physical Store
K0X451L94S,2/19/24,China,302,Yili Milk,Dairy,1.2,4,0.9,0.13,Credit Card,Adult,Male,Wuhan,Online
JF3HB8RN58,2/20/24,China,303,Dali Bread,Bakery,0.6,7,0.4,0.03,Alipay,Senior,Female,Chengdu,Physical Store
WKXZM800S8,2/1/24,China,304,Haitian Sugar,Food,1.3,6,1,0.13,Alipay,Adult,Female,Wuhan,Physical Store
HNLXNW1KV1,1/7/24,China,309,Safeguard Soap,Personal Care,1.8,7,1.2,0.16,Bank Transfer,Adult,Male,Chengdu,Physical Store
R0QGQM25GH,1/25/24,China,306,Dove Chocolate,Sweets,3.5,1,2.6,0.39,WeChat Pay,Senior,Female,Shanghai,Online
V3N85HHQ6R,1/16/24,China,308,TS Shampoo,Personal Care,6,4,4.5,0.17,Credit Card,Young,Female,Wuhan,Physical Store
KJE8IW1Q19,2/3/24,China,307,Vinda Tissue,Hygiene,3,1,2.3,0.3,Bank Transfer,Young,Female,Shenzhen,Physical Store
I2B6DQZ8PM,2/6/24,China,304,Haitian Sugar,Food,1.3,2,1,0.02,WeChat Pay,Adult,Female,Beijing,Physical Store
W3O2UX4LOA,2/13/24,China,306,Dove Chocolate,Sweets,3.5,7,2.6,0.52,Debit Card,Young,Female,Wuhan,Online
VX0X7ZXATJ,1/30/24,China,305,Nestle Coffee,Beverages,5,4,3.8,0.37,Bank Transfer,Young,Female,Hangzhou,Online
N0VAZBXK3F,2/22/24,China,301,Wuchang Rice,Food,2,1,1.5,0.3,Credit Card,Young,Female,Guangzhou,Online
GWE0NAZ67G,1/23/24,China,310,Jinlongyu Cooking Oil,Food,4,10,3.2,0.31,Credit Card,Senior,Female,Guangzhou,Online
4LR8L4PAXE,2/3/24,China,306,Dove Chocolate,Sweets,3.5,1,2.6,0.28,Credit Card,Adult,Female,Shenzhen,Physical Store
2IHGLOD0YB,2/4/24,China,304,Haitian Sugar,Food,1.3,3,1,0.05,Alipay,Senior,Male,Chengdu,Online
82DAMAT8KL,1/8/24,China,303,Dali Bread,Bakery,0.6,9,0.4,0.11,Cash,Adult,Female,Guangzhou,Physical Store
XPUZXD5MFE,1/5/24,China,309,Safeguard Soap,Personal Care,1.8,4,1.2,0.06,WeChat Pay,Senior,Male,Guangzhou,Physical Store
61RPVC27SU,3/1/24,China,301,Wuchang Rice,Food,2,6,1.5,0.27,Alipay,Young,Female,Hangzhou,Online
KHBRWXYCUA,1/30/24,China,302,Yili Milk,Dairy,1.2,1,0.9,0.02,Credit Card,Adult,Female,Chengdu,Physical Store
QVCTTD94LH,1/3/24,China,301,Wuchang Rice,Food,2,10,1.5,0.01,Debit Card,Senior,Female,Beijing,Online
VCA7I3DFLB,1/25/24,China,309,Safeguard Soap,Personal Care,1.8,2,1.2,0.18,WeChat Pay,Adult,Female,Wuhan,Physical Store
GXRX080QP3,1/13/24,China,301,Wuchang Rice,Food,2,3,1.5,0.14,Alipay,Senior,Male,Hangzhou,Online
I8ODD9LO7M,1/31/24,China,303,Dali Bread,Bakery,0.6,10,0.4,0.02,Bank Transfer,Adult,Female,Guangzhou,Physical Store
OQNRNK10V9,1/8/24,China,304,Haitian Sugar,Food,1.3,6,1,0.2,WeChat Pay,Adult,Male,Shanghai,Physical Store
EL77DTCXHY,1/3/24,China,303,Dali Bread,Bakery,0.6,8,0.4,0.03,WeChat Pay,Young,Male,Hangzhou,Online
9U2R5YWBZ4,2/22/24,China,305,Nestle Coffee,Beverages,5,6,3.8,0.69,Cash,Young,Male,Chengdu,Online
EHYAMCHTYJ,1/30/24,China,304,Haitian Sugar,Food,1.3,6,1,0.08,Bank Transfer,Senior,Female,Chengdu,Physical Store
N2ED4TZRD4,2/13/24,China,304,Haitian Sugar,Food,1.3,4,1,0.14,Credit Card,Senior,Female,Guangzhou,Online
6G87V4WOC0,1/10/24,China,301,Wuchang Rice,Food,2,3,1.5,0.01,Bank Transfer,Young,Male,Hangzhou,Physical Store
LYJ065E8C7,2/27/24,China,303,Dali Bread,Bakery,0.6,3,0.4,0.03,Bank Transfer,Young,Male,Wuhan,Online
U0PLBYZKTG,1/16/24,China,305,Nestle Coffee,Beverages,5,5,3.8,0.5,Debit Card,Senior,Female,Wuhan,Physical Store
HUL1BUYZGG,2/4/24,China,310,Jinlongyu Cooking Oil,Food,4,5,3.2,0.65,Alipay,Young,Female,Hangzhou,Physical Store
X2W7R6363X,1/29/24,China,306,Dove Chocolate,Sweets,3.5,4,2.6,0.3,WeChat Pay,Senior,Female,Chengdu,Physical Store
UGXRV9WCN4,2/10/24,China,308,TS Shampoo,Personal Care,6,9,4.5,0.42,Alipay,Young,Male,Guangzhou,Online
VX816H451B,1/8/24,China,307,Vinda Tissue,Hygiene,3,10,2.3,0.58,Credit Card,Young,Female,Beijing,Physical Store
PJPLQKXVQ7,1/11/24,China,301,Wuchang Rice,Food,2,8,1.5,0.25,Credit Card,Adult,Female,Shanghai,Physical Store
CNK5FRW1CP,1/13/24,China,310,Jinlongyu Cooking Oil,Food,4,2,3.2,0.66,Bank Transfer,Adult,Female,Shanghai,Physical Store
9P4KRV2ES4,2/11/24,China,305,Nestle Coffee,Beverages,5,2,3.8,0.86,Alipay,Young,Female,Wuhan,Physical Store
2HCZAJ0TPA,1/16/24,China,307,Vinda Tissue,Hygiene,3,6,2.3,0.33,WeChat Pay,Adult,Female,Hangzhou,Online
E2ZXURENUS,1/21/24,China,310,Jinlongyu Cooking Oil,Food,4,10,3.2,0.78,Debit Card,Adult,Male,Shenzhen,Online
IJK264ARLQ,2/20/24,China,310,Jinlongyu Cooking Oil,Food,4,9,3.2,0.24,WeChat Pay,Senior,Female,Hangzhou,Physical Store
V8Z3X2EG9W,1/13/24,China,303,Dali Bread,Bakery,0.6,3,0.4,0.05,Alipay,Adult,Female,Hangzhou,Physical Store
Z7XFQWEJ8T,1/19/24,China,301,Wuchang Rice,Food,2,6,1.5,0.27,Credit Card,Adult,Male,Beijing,Physical Store
RE3QLAA4TE,2/19/24,China,309,Safeguard Soap,Personal Care,1.8,7,1.2,0.01,Credit Card,Young,Female,Shenzhen,Online
5KJSGJDX5R,2/18/24,China,309,Safeguard Soap,Personal Care,1.8,1,1.2,0.02,Debit Card,Adult,Female,Shanghai,Online
EOPOPGMXNK,2/23/24,China,309,Safeguard Soap,Personal Care,1.8,5,1.2,0.29,Credit Card,Senior,Male,Wuhan,Online
74GIGPMR6X,1/18/24,China,307,Vinda Tissue,Hygiene,3,5,2.3,0.16,WeChat Pay,Adult,Female,Guangzhou,Online
TXS5KHTW04,2/15/24,China,303,Dali Bread,Bakery,0.6,7,0.4,0.1,WeChat Pay,Adult,Male,Shenzhen,Physical Store
PMUIV1CS5K,1/7/24,China,310,Jinlongyu Cooking Oil,Food,4,8,3.2,0.15,Alipay,Senior,Male,Guangzhou,Online
6103UQITHQ,1/20/24,China,307,Vinda Tissue,Hygiene,3,1,2.3,0.45,Bank Transfer,Senior,Male,Shenzhen,Online
D8COC081A4,1/23/24,China,303,Dali Bread,Bakery,0.6,1,0.4,0.02,Alipay,Young,Male,Shenzhen,Online
VSOW3WSGIL,2/1/24,China,304,Haitian Sugar,Food,1.3,6,1,0.08,Debit Card,Young,Female,Shenzhen,Physical Store
LHP5DEWJVD,2/29/24,China,302,Yili Milk,Dairy,1.2,10,0.9,0.21,Alipay,Young,Male,Shenzhen,Online
AX2IQ99ZLB,2/13/24,China,310,Jinlongyu Cooking Oil,Food,4,2,3.2,0.33,Cash,Young,Female,Wuhan,Physical Store
WRCD7ZW5TF,1/17/24,China,303,Dali Bread,Bakery,0.6,3,0.4,0.03,WeChat Pay,Senior,Male,Beijing,Online
M1800PI12C,2/9/24,China,304,Haitian Sugar,Food,1.3,6,1,0.1,WeChat Pay,Young,Female,Beijing,Online
I483XZHFTS,1/25/24,China,301,Wuchang Rice,Food,2,4,1.5,0.18,Debit Card,Adult,Female,Shanghai,Online
0KJWI5497A,2/15/24,China,302,Yili Milk,Dairy,1.2,4,0.9,0.14,Bank Transfer,Senior,Male,Guangzhou,Physical Store
WCRSZJUF2J,2/10/24,China,306,Dove Chocolate,Sweets,3.5,4,2.6,0.31,Cash,Adult,Male,Wuhan,Online
LI4B54SBCW,1/15/24,China,301,Wuchang Rice,Food,2,10,1.5,0.21,WeChat Pay,Adult,Female,Beijing,Physical Store
DOYJN1SH99,2/6/24,China,302,Yili Milk,Dairy,1.2,6,0.9,0.05,Credit Card,Adult,Female,Shenzhen,Physical Store
FIK25JIZU7,2/8/24,China,301,Wuchang Rice,Food,2,7,1.5,0.08,Credit Card,Adult,Female,Guangzhou,Online
U1NRNTZDVI,1/29/24,China,301,Wuchang Rice,Food,2,9,1.5,0.31,Cash,Adult,Male,Beijing,Online
0YHSQFUP09,1/16/24,China,303,Dali Bread,Bakery,0.6,7,0.4,0.09,Cash,Adult,Male,Beijing,Physical Store
AURB1B54I5,1/9/24,China,302,Yili Milk,Dairy,1.2,10,0.9,0.1,WeChat Pay,Adult,Male,Shanghai,Physical Store
S0PDCAYMFG,2/29/24,China,309,Safeguard Soap,Personal Care,1.8,7,1.2,0.18,Alipay,Adult,Female,Chengdu,Online
SV1W1HAEDH,2/22/24,China,308,TS Shampoo,Personal Care,6,1,4.5,0.87,WeChat Pay,Young,Male,Shanghai,Online
01Z52W7QSC,2/24/24,China,301,Wuchang Rice,Food,2,3,1.5,0.39,Cash,Young,Male,Wuhan,Online
PXLHSXFDKE,2/21/24,China,309,Safeguard Soap,Personal Care,1.8,8,1.2,0.01,Alipay,Adult,Male,Guangzhou,Online
JEY9CDXSP4,1/18/24,China,304,Haitian Sugar,Food,1.3,2,1,0.01,Alipay,Young,Female,Beijing,Online
ER1KQTNQ7J,1/12/24,China,305,Nestle Coffee,Beverages,5,7,3.8,0.38,Debit Card,Adult,Female,Shenzhen,Physical Store
KNH4CTTKU1,2/14/24,China,305,Nestle Coffee,Beverages,5,4,3.8,0.28,Debit Card,Senior,Male,Wuhan,Online
R033ZYPRBF,2/23/24,China,308,TS Shampoo,Personal Care,6,10,4.5,0.88,Bank Transfer,Young,Male,Shenzhen,Physical Store
EP2STOG12T,2/23/24,China,301,Wuchang Rice,Food,2,1,1.5,0.38,Debit Card,Young,Female,Shanghai,Physical Store
PQAW90CZI5,1/8/24,China,305,Nestle Coffee,Beverages,5,8,3.8,0.52,Credit Card,Adult,Male,Shanghai,Physical Store
UR4F6KQKKX,1/24/24,China,309,Safeguard Soap,Personal Care,1.8,10,1.2,0.03,Credit Card,Young,Female,Guangzhou,Online
HUMHBE1F2U,1/19/24,China,306,Dove Chocolate,Sweets,3.5,5,2.6,0.18,Bank Transfer,Adult,Male,Chengdu,Online
YVU2V96FBV,1/15/24,China,306,Dove Chocolate,Sweets,3.5,2,2.6,0.66,WeChat Pay,Adult,Male,Chengdu,Online
5WIOGC7KUU,1/14/24,China,310,Jinlongyu Cooking Oil,Food,4,4,3.2,0.34,Alipay,Adult,Male,Shenzhen,Physical Store
3MCV0OOQPW,1/26/24,China,303,Dali Bread,Bakery,0.6,8,0.4,0.07,Credit Card,Adult,Female,Guangzhou,Physical Store
N0SGH2NAE8,1/15/24,China,301,Wuchang Rice,Food,2,9,1.5,0.27,Alipay,Young,Female,Hangzhou,Online
HKREFRMO8L,2/11/24,China,305,Nestle Coffee,Beverages,5,7,3.8,0.73,Alipay,Young,Male,Beijing,Physical Store
PHG0T35I32,2/2/24,China,306,Dove Chocolate,Sweets,3.5,7,2.6,0.34,Debit Card,Adult,Male,Beijing,Online
ZLTGFX3JTM,2/18/24,China,301,Wuchang Rice,Food,2,1,1.5,0.14,Cash,Adult,Male,Beijing,Online
0W0XJ1UMUT,2/25/24,China,306,Dove Chocolate,Sweets,3.5,1,2.6,0.25,Cash,Senior,Female,Chengdu,Physical Store
CEXXIU2S9D,2/26/24,China,308,TS Shampoo,Personal Care,6,3,4.5,0.53,Debit Card,Young,Female,Guangzhou,Physical Store
YRMWKR2QSP,2/6/24,China,303,Dali Bread,Bakery,0.6,7,0.4,0.02,Alipay,Senior,Male,Chengdu,Physical Store
2KM2GTXQRX,2/25/24,China,304,Haitian Sugar,Food,1.3,2,1,0.21,Bank Transfer,Adult,Female,Shenzhen,Physical Store
UTHF5QJAGP,1/13/24,China,306,Dove Chocolate,Sweets,3.5,6,2.6,0.22,Alipay,Adult,Female,Beijing,Physical Store
9XQUC80C36,2/8/24,China,308,TS Shampoo,Personal Care,6,10,4.5,0.7,WeChat Pay,Young,Male,Chengdu,Online
P0477RS8UU,2/16/24,China,301,Wuchang Rice,Food,2,6,1.5,0.02,Debit Card,Senior,Female,Hangzhou,Physical Store
IH0ILTO58Q,2/17/24,China,305,Nestle Coffee,Beverages,5,5,3.8,0.58,Cash,Adult,Male,Hangzhou,Online
8WROZIBWAO,2/2/24,China,310,Jinlongyu Cooking Oil,Food,4,10,3.2,0.19,Alipay,Young,Male,Chengdu,Physical Store
64CGB1IJ8V,1/16/24,China,302,Yili Milk,Dairy,1.2,9,0.9,0.08,Debit Card,Adult,Female,Beijing,Physical Store
AYX6VRUBKC,1/29/24,China,305,Nestle Coffee,Beverages,5,6,3.8,0.17,WeChat Pay,Adult,Male,Shanghai,Online
0IX3XWOF2L,2/18/24,China,303,Dali Bread,Bakery,0.6,10,0.4,0.05,Bank Transfer,Adult,Female,Hangzhou,Physical Store
75E0EL9LW8,2/5/24,China,309,Safeguard Soap,Personal Care,1.8,10,1.2,0.28,Cash,Senior,Female,Hangzhou,Physical Store
MUSXLL2W17,1/8/24,China,301,Wuchang Rice,Food,2,4,1.5,0.13,Alipay,Young,Male,Beijing,Physical Store
L3OSRJ458I,2/19/24,China,307,Vinda Tissue,Hygiene,3,1,2.3,0.56,Credit Card,Adult,Female,Shenzhen,Online
UPOU2NDR3S,2/5/24,China,304,Haitian Sugar,Food,1.3,7,1,0.1,Credit Card,Senior,Female,Chengdu,Physical Store
2HF16SH2FA,2/22/24,China,307,Vinda Tissue,Hygiene,3,1,2.3,0.32,WeChat Pay,Young,Female,Chengdu,Online
V0BRQAWWXO,2/17/24,China,302,Yili Milk,Dairy,1.2,6,0.9,0.2,Cash,Adult,Female,Shanghai,Physical Store
JJE3GKWM11,2/24/24,China,307,Vinda Tissue,Hygiene,3,4,2.3,0.25,Credit Card,Adult,Female,Chengdu,Online
BRYNHX68US,1/30/24,China,309,Safeguard Soap,Personal Care,1.8,6,1.2,0.18,Debit Card,Senior,Male,Beijing,Online
CJRH8L4ZXN,2/4/24,China,310,Jinlongyu Cooking Oil,Food,4,2,3.2,0.77,WeChat Pay,Young,Female,Hangzhou,Physical Store
9F9JUZ1YJT,1/31/24,China,301,Wuchang Rice,Food,2,4,1.5,0.03,Alipay,Adult,Female,Hangzhou,Physical Store
NY39QDPA5I,2/13/24,China,307,Vinda Tissue,Hygiene,3,7,2.3,0.15,Cash,Young,Male,Beijing,Online
6L4IMUV1BG,2/18/24,China,307,Vinda Tissue,Hygiene,3,10,2.3,0.5,Bank Transfer,Senior,Male,Beijing,Online
UUIIAKK9ZH,1/4/24,China,307,Vinda Tissue,Hygiene,3,7,2.3,0.4,Bank Transfer,Senior,Female,Shanghai,Physical Store
YQ2OW7Q0PB,2/15/24,China,309,Safeguard Soap,Personal Care,1.8,7,1.2,0.2,Alipay,Senior,Female,Beijing,Online
BHZI71FDNM,1/10/24,China,307,Vinda Tissue,Hygiene,3,10,2.3,0.48,Debit Card,Senior,Female,Wuhan,Physical Store
3LI1EXGOJ4,2/27/24,China,309,Safeguard Soap,Personal Care,1.8,3,1.2,0.12,Debit Card,Adult,Male,Guangzhou,Physical Store
JQYWWQNYQH,2/26/24,China,301,Wuchang Rice,Food,2,6,1.5,0.14,Alipay,Adult,Female,Shenzhen,Online
F51EK8XL53,2/23/24,China,305,Nestle Coffee,Beverages,5,4,3.8,0.28,Cash,Young,Male,Chengdu,Physical Store
LCRA5V3NJV,1/23/24,China,302,Yili Milk,Dairy,1.2,9,0.9,0.22,Bank Transfer,Adult,Male,Beijing,Online
LGWJZA9XWZ,2/14/24,China,305,Nestle Coffee,Beverages,5,7,3.8,0.39,WeChat Pay,Senior,Female,Wuhan,Physical Store
EE8GB5UIQ0,2/11/24,China,303,Dali Bread,Bakery,0.6,5,0.4,0.1,Alipay,Adult,Female,Shanghai,Online
VJ48DB44E3,2/12/24,China,308,TS Shampoo,Personal Care,6,6,4.5,1.04,Debit Card,Adult,Male,Shenzhen,Physical Store
F4NAMG0AJI,1/31/24,China,310,Jinlongyu Cooking Oil,Food,4,10,3.2,0.7,WeChat Pay,Young,Female,Hangzhou,Physical Store
39LB1WYUTK,1/9/24,China,306,Dove Chocolate,Sweets,3.5,1,2.6,0.09,Alipay,Adult,Female,Guangzhou,Physical Store
8Z0GZ7ONGM,1/13/24,China,309,Safeguard Soap,Personal Care,1.8,1,1.2,0.07,Credit Card,Senior,Male,Guangzhou,Online
DSRP9Q5EMU,1/13/24,China,310,Jinlongyu Cooking Oil,Food,4,3,3.2,0.3,Cash,Young,Male,Shenzhen,Physical Store
W2N7FLH63N,1/27/24,China,307,Vinda Tissue,Hygiene,3,8,2.3,0.43,Debit Card,Young,Male,Beijing,Online
ZBCRPJ3ARR,2/6/24,China,301,Wuchang Rice,Food,2,10,1.5,0.3,Credit Card,Adult,Female,Guangzhou,Online
X3UIOWIOXL,1/23/24,China,310,Jinlongyu Cooking Oil,Food,4,8,3.2,0.41,Credit Card,Young,Female,Hangzhou,Online
AGZJF5CN1G,1/19/24,China,309,Safeguard Soap,Personal Care,1.8,9,1.2,0.19,Credit Card,Senior,Male,Beijing,Online
UNPBE9G71V,1/13/24,China,310,Jinlongyu Cooking Oil,Food,4,2,3.2,0.1,Cash,Senior,Female,Chengdu,Online
X2G567TYEC,2/15/24,China,310,Jinlongyu Cooking Oil,Food,4,2,3.2,0.6,Debit Card,Adult,Female,Shenzhen,Physical Store
BHNF940TSJ,1/13/24,China,306,Dove Chocolate,Sweets,3.5,3,2.6,0.03,WeChat Pay,Senior,Male,Chengdu,Physical Store
B364O92V9U,1/31/24,China,304,Haitian Sugar,Food,1.3,5,1,0.14,Alipay,Adult,Female,Beijing,Physical Store
GFBMW9HSUK,1/3/24,China,303,Dali Bread,Bakery,0.6,2,0.4,0.11,Bank Transfer,Adult,Male,Shanghai,Online
5YSC89O12P,2/12/24,China,302,Yili Milk,Dairy,1.2,5,0.9,0.06,Credit Card,Adult,Male,Guangzhou,Physical Store
SIAQV7DPW7,1/24/24,China,306,Dove Chocolate,Sweets,3.5,6,2.6,0.36,Alipay,Adult,Female,Guangzhou,Online
3DOKU21JP5,2/8/24,China,304,Haitian Sugar,Food,1.3,2,1,0.14,Debit Card,Senior,Male,Shenzhen,Physical Store
HAMGRTU7WQ,1/19/24,China,303,Dali Bread,Bakery,0.6,10,0.4,0.03,Bank Transfer,Young,Male,Shenzhen,Online
T9D6DGT709,2/24/24,China,304,Haitian Sugar,Food,1.3,6,1,0.2,WeChat Pay,Young,Female,Wuhan,Online
RQE60I3MDU,2/12/24,China,310,Jinlongyu Cooking Oil,Food,4,5,3.2,0.09,WeChat Pay,Adult,Male,Guangzhou,Physical Store
8X1CU58KQ0,1/6/24,China,310,Jinlongyu Cooking Oil,Food,4,7,3.2,0.61,Bank Transfer,Senior,Female,Guangzhou,Physical Store
GKII3UP3LO,2/18/24,China,306,Dove Chocolate,Sweets,3.5,9,2.6,0.43,Cash,Senior,Male,Guangzhou,Physical Store
CUKXTOA7B9,2/14/24,China,303,Dali Bread,Bakery,0.6,3,0.4,0.07,Credit Card,Young,Female,Shenzhen,Online
0AMUDLR9TH,1/10/24,China,304,Haitian Sugar,Food,1.3,1,1,0.21,Debit Card,Adult,Male,Shenzhen,Online
FURV35O45S,1/5/24,China,307,Vinda Tissue,Hygiene,3,7,2.3,0.08,Alipay,Adult,Male,Shanghai,Physical Store
8TD7TP9G9A,2/4/24,China,308,TS Shampoo,Personal Care,6,1,4.5,1.06,WeChat Pay,Senior,Female,Hangzhou,Online
3FJGEG81UN,1/30/24,China,307,Vinda Tissue,Hygiene,3,3,2.3,0.29,Alipay,Senior,Male,Guangzhou,Online
938URMZPWB,2/1/24,China,306,Dove Chocolate,Sweets,3.5,3,2.6,0.1,Credit Card,Adult,Female,Chengdu,Online
O0XM9LX7GF,2/3/24,China,306,Dove Chocolate,Sweets,3.5,7,2.6,0.19,Alipay,Young,Female,Wuhan,Online
NG987TI49Q,1/7/24,China,305,Nestle Coffee,Beverages,5,3,3.8,0.72,Bank Transfer,Senior,Female,Beijing,Online
EJ2XTBSAAU,1/19/24,China,302,Yili Milk,Dairy,1.2,5,0.9,0.08,Cash,Senior,Male,Guangzhou,Physical Store
UMR118TSMO,1/30/24,China,309,Safeguard Soap,Personal Care,1.8,9,1.2,0.27,Debit Card,Adult,Female,Beijing,Online
6OBXMBR0K0,2/11/24,China,302,Yili Milk,Dairy,1.2,6,0.9,0.16,Alipay,Adult,Female,Hangzhou,Physical Store
8DVGB8GMXS,2/25/24,China,302,Yili Milk,Dairy,1.2,2,0.9,0.15,Credit Card,Young,Male,Chengdu,Online
TJLTAPYQX2,1/9/24,China,301,Wuchang Rice,Food,2,1,1.5,0.06,Bank Transfer,Senior,Female,Beijing,Physical Store
JWCPZWFGLV,1/21/24,China,306,Dove Chocolate,Sweets,3.5,7,2.6,0.61,Credit Card,Adult,Male,Guangzhou,Online
T3L4P56SGD,1/27/24,China,306,Dove Chocolate,Sweets,3.5,2,2.6,0.13,Debit Card,Adult,Female,Hangzhou,Online
V2FHGJKP24,1/30/24,China,303,Dali Bread,Bakery,0.6,1,0.4,0.08,Alipay,Young,Male,Chengdu,Physical Store
LFPZKSNQ2X,1/10/24,China,310,Jinlongyu Cooking Oil,Food,4,10,3.2,0.29,Debit Card,Adult,Male,Shanghai,Physical Store
AZKB8OY4MC,2/7/24,China,304,Haitian Sugar,Food,1.3,7,1,0.11,WeChat Pay,Adult,Male,Shanghai,Physical Store
00VILF3JAW,2/2/24,China,308,TS Shampoo,Personal Care,6,3,4.5,0.99,Bank Transfer,Adult,Female,Guangzhou,Online
Z1KZDTIB7J,2/7/24,China,305,Nestle Coffee,Beverages,5,7,3.8,0.23,Alipay,Adult,Male,Beijing,Physical Store
ZKGKUOIDNQ,1/18/24,China,307,Vinda Tissue,Hygiene,3,4,2.3,0.3,Bank Transfer,Senior,Female,Shenzhen,Physical Store
X2M6I9WXMA,1/28/24,China,302,Yili Milk,Dairy,1.2,4,0.9,0.03,Alipay,Adult,Female,Guangzhou,Online
QECZTS1OB7,1/17/24,China,302,Yili Milk,Dairy,1.2,1,0.9,0.02,Cash,Senior,Female,Wuhan,Physical Store
X9FBQT67K5,2/8/24,China,304,Haitian Sugar,Food,1.3,4,1,0.24,Credit Card,Senior,Male,Shanghai,Physical Store
EKAS4H2QB3,2/6/24,China,306,Dove Chocolate,Sweets,3.5,10,2.6,0.06,Alipay,Young,Female,Shanghai,Physical Store
EFY5E4X0XI,2/4/24,China,309,Safeguard Soap,Personal Care,1.8,5,1.2,0.35,Alipay,Senior,Male,Hangzhou,Online
Q2SVL31TIM,1/22/24,China,305,Nestle Coffee,Beverages,5,9,3.8,0.18,WeChat Pay,Young,Female,Guangzhou,Physical Store
U23CZC7DHG,1/13/24,China,310,Jinlongyu Cooking Oil,Food,4,10,3.2,0.23,Debit Card,Senior,Male,Wuhan,Online
WXVAPRU35U,1/17/24,China,307,Vinda Tissue,Hygiene,3,8,2.3,0.14,Debit Card,Senior,Male,Shenzhen,Physical Store
4JZL2LBPYS,1/4/24,China,301,Wuchang Rice,Food,2,8,1.5,0.15,Alipay,Young,Male,Shenzhen,Physical Store
CI7XI0OAM6,1/30/24,China,304,Haitian Sugar,Food,1.3,4,1,0.2,WeChat Pay,Adult,Male,Shenzhen,Online
AG83ABSBL2,1/19/24,China,305,Nestle Coffee,Beverages,5,4,3.8,0.69,WeChat Pay,Senior,Male,Beijing,Online
LPY66WKXNZ,1/15/24,China,309,Safeguard Soap,Personal Care,1.8,6,1.2,0.12,Credit Card,Adult,Female,Wuhan,Physical Store
8DXWXVYYFC,1/24/24,China,304,Haitian Sugar,Food,1.3,2,1,0.22,WeChat Pay,Young,Female,Wuhan,Physical Store
3GDT289ZEJ,1/24/24,China,309,Safeguard Soap,Personal Care,1.8,8,1.2,0.15,WeChat Pay,Adult,Male,Chengdu,Online
0MH7ASD3ZP,2/13/24,China,303,Dali Bread,Bakery,0.6,10,0.4,0.07,WeChat Pay,Young,Female,Hangzhou,Online
POUNP568X0,1/29/24,China,308,TS Shampoo,Personal Care,6,6,4.5,1.1,Credit Card,Young,Female,Beijing,Online
HRYAZLXCXK,2/15/24,China,307,Vinda Tissue,Hygiene,3,4,2.3,0.56,Cash,Young,Male,Hangzhou,Physical Store
R8Y71N96AD,2/18/24,China,306,Dove Chocolate,Sweets,3.5,9,2.6,0.08,Cash,Adult,Female,Wuhan,Physical Store
C0LBR6VBIP,1/13/24,China,308,TS Shampoo,Personal Care,6,7,4.5,0.78,WeChat Pay,Senior,Female,Guangzhou,Online
9E2M3PA0A6,1/5/24,China,301,Wuchang Rice,Food,2,8,1.5,0.34,Alipay,Senior,Male,Wuhan,Online
RCNIDOFBQJ,1/13/24,China,309,Safeguard Soap,Personal Care,1.8,9,1.2,0.28,Alipay,Adult,Female,Shenzhen,Online
4LQS741HGH,2/24/24,China,304,Haitian Sugar,Food,1.3,7,1,0.09,Bank Transfer,Senior,Female,Shenzhen,Physical Store
W57NPC38XQ,1/5/24,China,302,Yili Milk,Dairy,1.2,9,0.9,0.16,WeChat Pay,Adult,Female,Shanghai,Online
N95RZWTURR,1/12/24,China,301,Wuchang Rice,Food,2,10,1.5,0.27,Credit Card,Adult,Male,Guangzhou,Online
KDXRABU0DP,2/4/24,China,301,Wuchang Rice,Food,2,3,1.5,0.16,Cash,Adult,Female,Shenzhen,Online
JIPFHKXKMS,1/17/24,China,306,Dove Chocolate,Sweets,3.5,2,2.6,0.08,Bank Transfer,Young,Female,Chengdu,Online
0DUBWCGVFA,2/16/24,China,310,Jinlongyu Cooking Oil,Food,4,10,3.2,0.21,Bank Transfer,Adult,Female,Wuhan,Physical Store
M7DUI3KUTR,2/1/24,China,302,Yili Milk,Dairy,1.2,7,0.9,0.24,Bank Transfer,Senior,Female,Shanghai,Physical Store
J2IURNOB9T,1/13/24,China,301,Wuchang Rice,Food,2,9,1.5,0.34,Debit Card,Senior,Male,Chengdu,Physical Store
A57SNAZNBL,1/5/24,China,310,Jinlongyu Cooking Oil,Food,4,6,3.2,0.53,Cash,Senior,Female,Beijing,Physical Store
6FC6W6THPT,1/22/24,China,302,Yili Milk,Dairy,1.2,10,0.9,0.15,Cash,Senior,Male,Hangzhou,Online
NL5D4FDWGI,1/9/24,China,304,Haitian Sugar,Food,1.3,10,1,0.19,WeChat Pay,Senior,Female,Shanghai,Online
3PW9CA330L,1/1/24,China,310,Jinlongyu Cooking Oil,Food,4,2,3.2,0,Bank Transfer,Young,Female,Hangzhou,Online
C4H0R624GW,3/1/24,China,307,Vinda Tissue,Hygiene,3,3,2.3,0.02,Debit Card,Senior,Female,Shanghai,Online
B0996F4MBS,2/20/24,China,310,Jinlongyu Cooking Oil,Food,4,2,3.2,0.01,Bank Transfer,Adult,Male,Beijing,Online
PJG4G14D05,2/6/24,China,306,Dove Chocolate,Sweets,3.5,4,2.6,0.25,WeChat Pay,Senior,Female,Wuhan,Online
5HI1Y3FH1W,1/12/24,China,308,TS Shampoo,Personal Care,6,2,4.5,0.96,Alipay,Senior,Female,Hangzhou,Physical Store
FYNC5RV6EQ,2/1/24,China,304,Haitian Sugar,Food,1.3,5,1,0.23,Alipay,Young,Male,Chengdu,Physical Store
XZ5VUSSLVM,3/1/24,China,306,Dove Chocolate,Sweets,3.5,6,2.6,0.16,Cash,Adult,Male,Shenzhen,Physical Store
PT9XSCE1GZ,2/9/24,China,305,Nestle Coffee,Beverages,5,9,3.8,0.65,Cash,Young,Female,Hangzhou,Online
SQZ868F46Y,3/1/24,China,302,Yili Milk,Dairy,1.2,8,0.9,0.1,Cash,Senior,Female,Guangzhou,Online
C9I6RICMU7,1/9/24,China,306,Dove Chocolate,Sweets,3.5,9,2.6,0.46,Debit Card,Young,Male,Shenzhen,Online
NZZWQYFSB4,1/29/24,China,306,Dove Chocolate,Sweets,3.5,6,2.6,0.22,Bank Transfer,Senior,Male,Wuhan,Physical Store
RKENFSYBQ2,2/16/24,China,310,Jinlongyu Cooking Oil,Food,4,10,3.2,0.52,Credit Card,Adult,Male,Shanghai,Online
I73FYFMU2Z,1/6/24,China,303,Dali Bread,Bakery,0.6,10,0.4,0.06,Cash,Young,Male,Shanghai,Physical Store
029AOM63FJ,1/25/24,China,302,Yili Milk,Dairy,1.2,1,0.9,0.08,Debit Card,Young,Male,Guangzhou,Online
U66G1DJAB6,2/26/24,China,302,Yili Milk,Dairy,1.2,3,0.9,0.16,WeChat Pay,Senior,Male,Beijing,Physical Store
PGX5C7UW2K,1/8/24,China,301,Wuchang Rice,Food,2,5,1.5,0.26,Alipay,Senior,Female,Wuhan,Online
XNVMAU1Z38,1/12/24,China,308,TS Shampoo,Personal Care,6,9,4.5,1.05,Bank Transfer,Adult,Male,Guangzhou,Online
R9NC6BTXDY,2/9/24,China,304,Haitian Sugar,Food,1.3,6,1,0.21,Cash,Young,Female,Beijing,Online
C9WUTIUZF9,2/19/24,China,307,Vinda Tissue,Hygiene,3,4,2.3,0.42,Alipay,Adult,Female,Beijing,Online
TTSH9SUQYZ,1/2/24,China,309,Safeguard Soap,Personal Care,1.8,10,1.2,0.15,Cash,Young,Female,Beijing,Online
76VEAEFEUA,1/11/24,China,302,Yili Milk,Dairy,1.2,2,0.9,0.21,Bank Transfer,Adult,Male,Guangzhou,Online
AEF1AVZPY1,2/5/24,China,305,Nestle Coffee,Beverages,5,6,3.8,0.39,WeChat Pay,Young,Female,Chengdu,Online
V4LTXGHDII,1/26/24,China,307,Vinda Tissue,Hygiene,3,5,2.3,0.37,Cash,Adult,Male,Shanghai,Physical Store
LREL6I336G,2/16/24,China,303,Dali Bread,Bakery,0.6,5,0.4,0.09,Debit Card,Senior,Female,Hangzhou,Physical Store
9HU3J6HKFC,2/1/24,China,306,Dove Chocolate,Sweets,3.5,5,2.6,0.43,Bank Transfer,Senior,Female,Guangzhou,Online
0YI34C6MHO,1/23/24,China,306,Dove Chocolate,Sweets,3.5,4,2.6,0.17,Credit Card,Adult,Female,Beijing,Physical Store
TZA60ZOSZJ,1/20/24,China,308,TS Shampoo,Personal Care,6,2,4.5,0.37,Debit Card,Young,Female,Shenzhen,Online
URBNM4ECUU,2/19/24,China,302,Yili Milk,Dairy,1.2,4,0.9,0.03,Credit Card,Young,Male,Guangzhou,Online
4UCROUTSK7,2/11/24,China,301,Wuchang Rice,Food,2,1,1.5,0.3,Bank Transfer,Adult,Female,Chengdu,Online
96XK7UKZRZ,2/27/24,China,309,Safeguard Soap,Personal Care,1.8,4,1.2,0.12,Cash,Adult,Female,Beijing,Online
85CPCJQR19,2/17/24,China,302,Yili Milk,Dairy,1.2,7,0.9,0.03,Credit Card,Senior,Female,Wuhan,Online
RKZ24XOY91,2/15/24,China,302,Yili Milk,Dairy,1.2,9,0.9,0.01,Debit Card,Adult,Male,Chengdu,Physical Store
BR1NF8P5J5,2/28/24,China,301,Wuchang Rice,Food,2,8,1.5,0.16,WeChat Pay,Adult,Female,Chengdu,Online
QPC84D2TRH,1/5/24,China,310,Jinlongyu Cooking Oil,Food,4,5,3.2,0.32,Bank Transfer,Senior,Female,Beijing,Physical Store
46B3IYA4BN,1/5/24,China,307,Vinda Tissue,Hygiene,3,2,2.3,0.53,Debit Card,Senior,Male,Shanghai,Online
ME31CX1XDI,1/23/24,China,307,Vinda Tissue,Hygiene,3,9,2.3,0.1,WeChat Pay,Adult,Female,Chengdu,Online
GTT5S8846N,2/6/24,China,306,Dove Chocolate,Sweets,3.5,7,2.6,0.43,Bank Transfer,Adult,Female,Shenzhen,Physical Store
75NUXNPL3C,1/24/24,China,302,Yili Milk,Dairy,1.2,8,0.9,0.19,Credit Card,Senior,Female,Wuhan,Physical Store
QDMMJQ8FE8,2/29/24,China,303,Dali Bread,Bakery,0.6,8,0.4,0.06,Credit Card,Senior,Male,Shanghai,Online
0SD2HOCXU8,1/18/24,China,307,Vinda Tissue,Hygiene,3,1,2.3,0.08,Credit Card,Adult,Male,Shanghai,Online
GPOC9X9TR4,1/20/24,China,307,Vinda Tissue,Hygiene,3,10,2.3,0.08,Credit Card,Young,Female,Hangzhou,Online
HLHI38A7VL,3/1/24,China,304,Haitian Sugar,Food,1.3,6,1,0.08,Bank Transfer,Senior,Female,Hangzhou,Online
BL12OQHZIQ,2/17/24,China,303,Dali Bread,Bakery,0.6,10,0.4,0.09,WeChat Pay,Senior,Female,Beijing,Online
6Y97MITVUI,1/20/24,China,303,Dali Bread,Bakery,0.6,9,0.4,0,Credit Card,Adult,Female,Beijing,Physical Store
A8B3ULNKC6,1/31/24,China,303,Dali Bread,Bakery,0.6,6,0.4,0.06,Bank Transfer,Senior,Male,Hangzhou,Online
2RZBE6L5D5,2/21/24,China,303,Dali Bread,Bakery,0.6,2,0.4,0,Alipay,Senior,Female,Shanghai,Physical Store
R61MMI4F90,1/1/24,China,302,Yili Milk,Dairy,1.2,5,0.9,0.06,Cash,Young,Male,Chengdu,Physical Store
QY4LFAAV9T,2/9/24,China,310,Jinlongyu Cooking Oil,Food,4,4,3.2,0.43,Bank Transfer,Senior,Female,Guangzhou,Physical Store
0UXEKPPAYG,2/18/24,China,309,Safeguard Soap,Personal Care,1.8,2,1.2,0.09,Cash,Young,Female,Hangzhou,Online